<?xml version="1.0" encoding="utf-8"?>
<!--/1194578/1007933/2.49/4/2/Switch/-->
<quadcept_library>
  <setting unit="mil" />
  <textstyle name="Default" height="47.244094488189" strokewidth="7.8740157480315" charwidth="47.244094488189" />
  <textstyle name="Dimension" height="19.6850393700787" strokewidth="0" charwidth="19.6850393700787" />
  <textstyle name="H127W0635TH00762" height="50" strokewidth="3" charwidth="25" />
  <textstyle name="H15W15TH02" height="59.0551181102362" strokewidth="7.8740157480315" charwidth="59.0551181102362" />
  <padstyle name="r160_100" surface="True" plated="False" isvia="False" nopaste="False" nomask="True" complex="False" holesize="0">
    <padshape layer="TOP" shape="rectangle" width="39.370078740157" height="62.992125984251" />
    <padshape layer="TOP_SOLDER_MASK" shape="rectangle" width="47.244094488188" height="70.866141732283" />
    <padshape layer="TOP_SOLDER_PASTE" shape="rectangle" width="39.370078740157" height="62.992125984251" />
  </padstyle>
  <footprint name="PTS525SM08SMTR2LFS" originx="0" originy="0" pickpointx="0" pickpointy="0">
    <pcbpin number="1" name="1" style="r160_100" originx="-100.3937007874" originy="74.803149606298" rotation="90" />
    <pcbpin number="2" name="2" style="r160_100" originx="151.5748031496" originy="74.803149606298" rotation="90" />
    <pcbpin number="3" name="3" style="r160_100" originx="-100.3937007874" originy="-74.803149606298" rotation="90" />
    <pcbpin number="4" name="4" style="r160_100" originx="151.5748031496" originy="-74.803149606298" rotation="90" />
    <line layer="TOP_ASSEMBLY" originx="-76.771653543306" originy="102.36220472441" endx="127.95275590551" endy="102.36220472441" width="7.8740157480314" />
    <line layer="TOP_ASSEMBLY" originx="127.95275590551" originy="102.36220472441" endx="127.95275590551" endy="-102.36220472441" width="7.8740157480314" />
    <line layer="TOP_ASSEMBLY" originx="127.95275590551" originy="-102.36220472441" endx="-76.771653543306" endy="-102.36220472441" width="7.8740157480314" />
    <line layer="TOP_ASSEMBLY" originx="-76.771653543306" originy="-102.36220472441" endx="-76.771653543306" endy="102.36220472441" width="7.8740157480314" />
    <line layer="TOP_PLACE_BOUND" originx="-190.94488188976" originy="141.73228346457" endx="222.44094488189" endy="141.73228346457" width="3.9370078740157" />
    <line layer="TOP_PLACE_BOUND" originx="222.44094488189" originy="141.73228346457" endx="222.44094488189" endy="-141.73228346457" width="3.9370078740157" />
    <line layer="TOP_PLACE_BOUND" originx="222.44094488189" originy="-141.73228346457" endx="-190.94488188976" endy="-141.73228346457" width="3.9370078740157" />
    <line layer="TOP_PLACE_BOUND" originx="-190.94488188976" originy="-141.73228346457" endx="-190.94488188976" endy="141.73228346457" width="3.9370078740157" />
    <line layer="TOP_SILKSCREEN" originx="-76.771653543306" originy="102.36220472441" endx="127.95275590551" endy="102.36220472441" width="3.9370078740157" />
    <line layer="TOP_SILKSCREEN" originx="127.95275590551" originy="102.36220472441" endx="127.95275590551" endy="102.36220472441" width="3.9370078740157" />
    <line layer="TOP_SILKSCREEN" originx="-76.771653543306" originy="-102.36220472441" endx="127.95275590551" endy="-102.36220472441" width="3.9370078740157" />
    <line layer="TOP_SILKSCREEN" originx="-147.63779527559" originy="74.803149606298" endx="-147.63779527559" endy="74.803149606298" width="3.9370078740157" />
    <arc layer="TOP_SILKSCREEN" originx="-149.6062992126" originy="74.803149606298" startangle=".0" sweepangle="-180.0" radius="1.9685039370078" width="3.9370078740157" />
    <line layer="TOP_SILKSCREEN" originx="-151.5748031496" originy="74.803149606298" endx="-151.5748031496" endy="74.803149606298" width="3.9370078740157" />
    <arc layer="TOP_SILKSCREEN" originx="-149.6062992126" originy="74.803149606298" startangle="180.0" sweepangle="-180.0" radius="1.9685039370078" width="3.9370078740157" />
  </footprint>
  <symbol name="PTS525SM15SMTR2LFS" originx="0" originy="0">
    <line originx="200" originy="100" endx="1100" endy="100" width="0" />
    <line originx="1100" originy="-200" endx="1100" endy="100" width="0" />
    <line originx="1100" originy="-200" endx="200" endy="-200" width="0" />
    <line originx="200" originy="100" endx="200" endy="-200" width="0" />
    <sympin number="1" originx="200" originy="0" rotation="180" length="100" width="7.8740157480315" flipped="False">
      <text name="pinname" originx="230" originy="0" style="Default" rotation="0" justify="left" flipped="False" hidden="False" data="N.O._1" />
      <text name="pindes" originx="140" originy="20" style="Default" rotation="0" justify="lowerright" flipped="False" hidden="False" data="1" />
    </sympin>
    <sympin number="2" originx="1100" originy="0" rotation="0" length="100" width="7.8740157480315" flipped="False">
      <text name="pinname" originx="1070" originy="0" style="Default" rotation="0" justify="right" flipped="False" hidden="False" data="N.O._2" />
      <text name="pindes" originx="1160" originy="20" style="Default" rotation="0" justify="lowerleft" flipped="False" hidden="False" data="2" />
    </sympin>
    <sympin number="3" originx="200" originy="-100" rotation="180" length="100" width="7.8740157480315" flipped="False">
      <text name="pinname" originx="230" originy="-100" style="Default" rotation="0" justify="left" flipped="False" hidden="False" data="COM_1" />
      <text name="pindes" originx="140" originy="-80" style="Default" rotation="0" justify="lowerright" flipped="False" hidden="False" data="3" />
    </sympin>
    <sympin number="4" originx="1100" originy="-100" rotation="0" length="100" width="7.8740157480315" flipped="False">
      <text name="pinname" originx="1070" originy="-100" style="Default" rotation="0" justify="right" flipped="False" hidden="False" data="COM_2" />
      <text name="pindes" originx="1160" originy="-80" style="Default" rotation="0" justify="lowerleft" flipped="False" hidden="False" data="4" />
    </sympin>
  </symbol>
  <component name="PTS525SM15SMTR2LFS" designatorprefix="S" height="0" footprint="PTS525SM08SMTR2LFS">
    <comppin designator="1" sympin="1" pinswap="0" gateswap="0" gate="1" group="1" side="" type="Any" name="N.O._1" />
    <comppin designator="2" sympin="2" pinswap="0" gateswap="0" gate="1" group="1" side="" type="Any" name="N.O._2" />
    <comppin designator="3" sympin="3" pinswap="0" gateswap="0" gate="1" group="1" side="" type="Any" name="COM_1" />
    <comppin designator="4" sympin="4" pinswap="0" gateswap="0" gate="1" group="1" side="" type="Any" name="COM_2" />
    <attached_symbol gate="1" name="PTS525SM15SMTR2LFS" />
    <pinmap designator="1" footprintpin="1" />
    <pinmap designator="2" footprintpin="2" />
    <pinmap designator="3" footprintpin="3" />
    <pinmap designator="4" footprintpin="4" />
    <text name="Datasheet" originx="0" originy="0" style="Default" rotation="0" justify="" flipped="False" hidden="True" data="https://www.ckswitches.com/media/1467/pts525.pdf" />
    <text name="Description" originx="0" originy="0" style="Default" rotation="0" justify="" flipped="False" hidden="True" data="PTS525SM15SMTR2LFS (Tactile Switches)" />
    <text name="Manufacturer_Name" originx="0" originy="0" style="Default" rotation="0" justify="" flipped="False" hidden="True" data="C & K COMPONENTS" />
    <text name="Manufacturer_Part_Number" originx="1150" originy="200" style="Default" rotation="0" justify="left" flipped="False" hidden="False" data="PTS525SM15SMTR2LFS" />
    <text name="Mouser Part Number" originx="0" originy="0" style="Default" rotation="0" justify="" flipped="False" hidden="True" data="611-PTS525SM15SMTR2" />
    <text name="Mouser Price/Stock" originx="0" originy="0" style="Default" rotation="0" justify="" flipped="False" hidden="True" data="https://www.mouser.co.uk/ProductDetail/CK/PTS525SM15SMTR2LFS?qs=fKM5yiF0f3MNZ%2FJEAIpaQQ%3D%3D" />
    <text name="Arrow Part Number" originx="0" originy="0" style="Default" rotation="0" justify="" flipped="False" hidden="True" data="" />
    <text name="Arrow Price/Stock" originx="0" originy="0" style="Default" rotation="0" justify="" flipped="False" hidden="True" data="" />
    <text name="Mouser Testing Part Number" originx="0" originy="0" style="Default" rotation="0" justify="" flipped="False" hidden="True" data="" />
    <text name="Mouser Testing Price/Stock" originx="0" originy="0" style="Default" rotation="0" justify="" flipped="False" hidden="True" data="" />
  </component>
</quadcept_library>
